Model,CV_R2_Mean,CV_R2_Std,CV_R2_Min,CV_R2_Max
GBM,0.9222853602659837,0.06246638319309068,0.8040920895205693,0.9759327683011997
XGBoost,0.83785843865486,0.15590642793301207,0.5991582422100872,0.9804946870638352
Random Forest,0.8223298160072453,0.10492953051778693,0.6824480274075053,0.9227760923264701
