Model,R²,RMSE,MAE
XGBoost,0.9589718011642878,67.66231595319995,49.6434280395508
GBM,0.9586715348032417,67.90945915241832,47.06283815026478
Random Forest,0.836725825126638,134.9784329497766,119.73302604166628
