Year,Actual,XGBoost,GradientBoosting,RandomForest,Baseline: persistence (t-1),Baseline: 3-yr rolling mean
2018,785.6,1349.823974609375,1473.6362971823694,1385.8062940476182,1149.2,1244.6333333333332
2019,1574.5,903.2154541015625,838.3635153766278,1133.3668075396827,785.6,1026.1666666666667
2020,1736.9,1289.344970703125,1452.1902228879321,1332.4931682539689,1574.5,1169.7666666666667
2021,2095.3,1636.6507568359375,1681.3981951424885,1508.324150529102,1736.9,1365.6666666666667
2022,2109.8,1361.2928466796875,1444.6647967278914,1593.2386066137585,2095.3,1802.2333333333336
2023,1508.5,1957.8177490234375,2028.8305465991539,1881.8557789682543,2109.8,1980.6666666666667
2024,1408.6,1549.271728515625,1577.2272650083576,1668.5230335275835,1508.5,1904.5333333333335
