Year,Actual,XGBoost [crop-lags],GradientBoosting [crop-lags],RandomForest [crop-lags],XGBoost [climate],GradientBoosting [climate],RandomForest [climate],XGBoost [crop+climate],GradientBoosting [crop+climate],RandomForest [crop+climate],Baseline: persistence (t-1),Baseline: 3-yr rolling mean
2018,785.6,1349.823974609375,1473.6362971823694,1385.8062940476182,1391.256103515625,1421.983474892956,1496.5173567460322,1283.983154296875,1286.992754644897,1388.812758333332,1149.2,1244.6333333333332
2019,1574.5,903.2154541015625,838.3635153766278,1133.3668075396822,1403.42529296875,1403.9399580346112,1462.120718253968,913.5971069335938,962.4643713684651,1192.1054527777776,785.6,1026.1666666666667
2020,1736.9,1289.344970703125,1452.1902228879321,1332.4931682539689,1603.287109375,1529.824504489889,1433.4738523809517,1267.9130859375,1422.5238888473275,1319.243361904762,1574.5,1169.7666666666667
2021,2095.3,1636.6507568359375,1681.3981951424885,1508.3241505291014,1817.257568359375,1748.192757566447,1621.2336243386255,1673.930419921875,1689.3941853081717,1533.2461166666676,1736.9,1365.6666666666667
2022,2109.8,1361.2928466796875,1444.6647967278914,1593.238606613759,1841.1788330078125,1873.282232888529,1669.3221375661385,1593.411376953125,1513.506743898814,1667.4187789682546,2095.3,1802.2333333333336
2023,1508.5,1957.8177490234375,2028.8305465991539,1881.8557789682538,1475.0877685546875,1543.0735082999897,1559.5390485449745,1841.442626953125,1953.414298718641,1855.103959656085,2109.8,1980.6666666666667
2024,1408.6,1549.271728515625,1577.2272650083576,1668.5230335275837,1384.6239013671875,1475.2404409661528,1448.7015795093794,1498.3455810546875,1524.3678804400781,1597.7864009259251,1508.5,1904.5333333333335
